﻿<?xml version="1.0" encoding="utf-8"?>
<Items>
    <Item>
        <ItemNo>3245649</ItemNo>
        <Description>Agapanthus</Description>
        <Price>7.95</Price>
    </Item>
    <Item>
        <ItemNo>3762592</ItemNo>
        <Description>Limonium</Description>
        <Price>6.95</Price>
    </Item>
    <Item>
        <ItemNo>9210584</ItemNo>
        <Description>Snail pellets</Description>
        <Price>12.95</Price>
    </Item>
    <Item>
        <ItemNo>123213</ItemNo>
        <Description>asfdafsADGFSA</Description>
        <Price>123</Price>
    </Item>
</Items>