﻿<?xml version="1.0" encoding="utf-8"?>
<Items>
    <Item>
        <Type>Plant</Type>
        <ItemNo>3245649</ItemNo>
        <Description>Agapanthus</Description>
        <Price>7.95</Price>
        <Size>1 gallon</Size>
    </Item>
    <Item>
        <Type>Plant</Type>
        <ItemNo>3762592</ItemNo>
        <Description>Limonium</Description>
        <Price>6.95</Price>
        <Size>1 gallon</Size>
    </Item>
    <Item>
        <Type>Plant</Type>
        <ItemNo>3245649</ItemNo>
        <Description>Agapnathus</Description>
        <Price>7.95</Price>
        <Size>1 gallon</Size>
    </Item>
    <Item>
        <Type>Supply</Type>
        <ItemNo>9210584</ItemNo>
        <Description>Snail pellets</Description>
        <Price>12.95</Price>
        <Manufacturer>Ortho</Manufacturer>
    </Item>
    <Item>
        <Type>Supply</Type>
        <ItemNo>1234564</ItemNo>
        <Description>Testing</Description>
        <Price>9000</Price>
        <Manufacturer>Jobe's</Manufacturer>
    </Item>
    <Item>
        <Type>Plant</Type>
        <ItemNo>1231323</ItemNo>
        <Description>asdfagge</Description>
        <Price>1234</Price>
        <Size>5 gallon</Size>
    </Item>
</Items>